ablatives	ablative:ablative_A s:+PL
abounded	abound:abound_V ed:+PAST
abrogate	abrogate:abrogate_V
abusing	ab:ab_p us:use_V ing:+PCP1
accents'	accent:accent_N s:+PL ':+GEN
accorded	accord:accord_V ed:+PAST
actions	act:act_V ion:ion_s s:+PL
actress'	act:act_V r:or_s ess:ess_s ':+GEN
adder's	adder:adder_N 's:+GEN
adultery	adult:adulterer_N ery:ery_s
adversaries	advers:adverse_A ari:ary_s es:+PL
aegis's	aegis:aegis_N 's:+GEN
aesthete	aesthete:aesthete_N
aggrandizement	ag:ag_p grand:grand_A ize:ize_s ment:ment_s
agreeing	agree:agree_V ing:+PCP1
agronomy	agronomy:agronomy_N
ahead	a:a_p head:head_N, a:a_p head:head_N
aides-memoire	aides-memoire:aide-memoire_N ~:+PL
aims	aim:aim_V s:+PL, aim:aim_V s:+3SG
airline	air:air_N line:line_N
alarm's	alarm:alarm_N 's:+GEN
alchemists	alchem:alchemy_N ist:ist_s s:+PL
alongside	a:a_p long:long_A side:side_N, a:a_p long:long_A side:side_N
amalgams	amalgam:amalgam_N s:+PL
ame	ame:AmE
ameliorate	ameliorate:ameliorate_V
amhara	amhara:Amhara_N
amnesia's	amnesia:amnesia_N 's:+GEN
ampere	ampere:ampere_N
analyst	anal:analysis_N ~:yse_s yst:yst_s
anarchists	anarch:anarchy_N ~:ism_s ist:ist_s s:+PL
anatomy	anatomy:anatomy_N
andante's	andante:andante_A 's:+GEN
angelica's	angelica:angelica_N 's:+GEN
animation's	animat:animate_A ion:ion_s 's:+GEN
annotations	an:an_p not:note_N at:ate_s ion:ion_s s:+PL
anorexia	anorexia:anorexia_N
antenna	antenna:antenna_N
anthropological	anthrop:anthropo_p olog:ology_s ical:ical_s
apart	a:a_p part:part_N, a:a_p part:part_N
appending	append:append_V ing:+PCP1
arbitrariness'	arbitr:arbiter_N ari:ary_s ness:ness_s ':+GEN
arbitration's	arbitrat:arbitrate_V ion:ion_s 's:+GEN
archways	arch:arch_N way:way_N s:+PL
armour-clad	arm:arm_V our:our_s -:~ clad:clad_A
asses'	ass:ass_N es:+PL ':+GEN
assets	asset:asset_N s:+PL
atomize	atom:atom_N ize:ize_s
attendants	attend:attend_V ant:ant_s s:+PL
attenuating	attenuat:attenuate_V ing:+PCP1
attitude's	attitude:attitude_N 's:+GEN
attorney	attorn:attorn_V ey:ey_s
augmented	augment:augment_V ed:+PAST
authors	author:author_N s:+PL
babel's	babel:babel_N 's:+GEN
babus	babu:babu_N s:+PL
baccalaureate	baccalaureate:baccalaureate_N
backbencher	back:back_A bench:bench_N er:er_s
bagpipes	bag:bag_N pipe:pipe_N s:+PL, bag:bag_N pipes:pipes_N
bailed	bail:bail_N ed:+PAST
bandage	band:band_N age:age_s, band:band_N age:age_s
banquets	banquet:banquet_N s:+PL, banquet:banquet_N s:+3SG
banshees	banshee:banshee_N s:+PL
bashfully	bashful:bashful_A ly:ly_s
batsman's	bat:bat_N s:s_s man:man_N 's:+GEN
batsmen	bat:bat_N s:s_s men:man_N ~:+PL
battery	battery:battery_N
bays	bay:bay_V s:+PL, bay:bay_V s:+3SG
bearer	bear:bear_V er:er_s
bearings'	bearing:bearing_V s:+PL ':+GEN, bearings:bearings_N ':+GEN
bearskins	bear:bear_N skin:skin_N s:+PL
beating's	beating:beating_V 's:+GEN
beauticians'	beaut:beauty_N ician:ician_s s:+PL ':+GEN
begets	be:be_p get:get_V s:+3SG
beginner's	beginn:begin_V er:er_s 's:+GEN
behaves	behave:behave_V s:+3SG
beheld	beheld:behold_V ~:+PAST
benefactor's	benefactor:benefactor_N 's:+GEN
biceps	biceps:biceps_N
bilinguals	bi:bi_p lingual:lingual_A s:+PL
bit	bit:bite_V ~:+PAST, bit:bit_N
bite	bite:bite_V, bite:bite_V
blabber	blabb:blab_V er:er_s
blimpish	blimp:Colonel_Blimp_N ish:ish_s
blinkers	blink:blink_V er:er_s s:s_s
blinks	blink:blink_V s:+PL, blink:blink_V s:+3SG
boarder's	board:board_N er:er_s 's:+GEN
bock	bock:bock_N
bolshevism's	bolshev:Bolshevik_N ism:ism_s 's:+GEN
bondholder's	bond:bond_N hold:hold_V er:er_s 's:+GEN
bonniest	bonni:bonny_A est:+SUP
boogie	boogie:boogie_N
bouncers'	bounc:bounce_V er:er_s s:+PL ':+GEN
bourse's	bourse:bourse_N 's:+GEN
bowels'	bowel:bowel_N s:+PL ':+GEN, bowels:bowels_N ':+GEN
bowler	bowl:bowl_N er:er_s, bowler:bowler_N
bows'	bow:bow_N s:+PL ':+GEN, bow:bow_V s:+PL ':+GEN
braggadocio	braggadocio:braggadocio_N
bravura	bravura:bravura_N
breadwinner	bread:bread_N winn:win_V er:er_s
breakfasted	break:break_V fast:fast_V ed:+PAST
breathy	breath:breath_N y:y_s
breech	breech:breech_N
bringing	bring:bring_V ing:+PCP1
briskness	brisk:brisk_A ness:ness_s
broadminded	broad:broad_A mind:mind_N ed:ed_s
buffalo's	buffalo:buffalo_N 's:+GEN
buffeted	buffet:buffet_V ed:+PAST
buffets	buffet:buffet_V s:+PL, buffet:buffet_V s:+3SG
buildings'	building:building_V s:+PL ':+GEN
bulky	bulk:bulk_N y:y_s
bulldozers'	bull:bull_N doz:doze_V er:er_s s:+PL ':+GEN
bullshit	bull:bull_N shit:shit_V, bull:bull_N shit:shit_V, bullshit:bullshit
bump's	bump:bump_V 's:+GEN
bungles	bungle:bungle_V s:+PL, bungle:bungle_V s:+3SG
bunkhouses	bunk:bunk_N house:house_N s:+PL
business'	busi:busy_A ness:ness_s ':+GEN
cabal's	cabal:cabal_N 's:+GEN
cable's	cable:cable_N 's:+GEN
caddie	caddie:caddie_N, caddie:caddie_V
carcinogens	carcino:carcinoma_N gen:gen_s s:+PL
carded	card:card_N ed:+PAST
cardinal's	cardinal:cardinal_A 's:+GEN
cardinals'	cardinal:cardinal_A s:+PL ':+GEN
caricaturists	caricatur:caricature_N ist:ist_s s:+PL
carpetbagger	carpetbagger:carpetbagger_N
carriage	carri:carry_V age:age_s
carriages	carri:carry_V age:age_s s:+PL
carton	carton:carton_N
castrates	castrate:castrate_V s:+3SG
casually	casual:casual_A ly:ly_s
cat-o'-nine-tails	cat-o'-nine-tails:cat-o'-nine-tails_N
catastrophe	catastrophe:catastrophe_N
catechisms	catechism:catechism_N s:+PL
cathode	cathode:cathode_N
ceaseless	cease:cease_V less:less_s
celery	celery:celery_N
centuries	centuri:century_N es:+PL
cereal's	cereal:cereal_N 's:+GEN
cerebrum	cerebrum:cerebrum_N
chain-gang	chain:chain_N -:~ gang:gang_N
chairwoman's	chair:chair_N woman:woman_N 's:+GEN
chancellor	chancellor:chancellor_N
chaperoning	chaperon:chaperon_N ing:+PCP1
charging	charg:charge_V ing:+PCP1
chase's	chase:chase_V 's:+GEN
chauvinism	chauvinism:chauvinism_N
cheerful	cheer:cheer_V ful:ful_s
cheerfully	cheer:cheer_V ful:ful_s ly:ly_s
chestnuts	chestnut:chestnut_N s:+PL
chigger	chigger:chigger_N
chivied	chivi:chivy_V ed:+PAST
citron's	citron:citron_N 's:+GEN
claws	claw:claw_N s:+PL, claw:claw_N s:+3SG
clay's	clay:clay_N 's:+GEN
clean-cut	clean:clean_A -:~ cut:cut_V
clews	clew:clew_N s:+PL, clew:clew_N s:+3SG
climaxes	climax:climax_N es:+PL, climax:climax_N es:+3SG
co-ops	co:co_p -:~ op:operate_V ~:ion_s ~:ive_s s:+PL
codas	coda:coda_N s:+PL
codeine	codeine:codeine_N
cognate	cognate:cognate_A, cognate:cognate_A
coincidences	coincid:coincide_V ~:ent_s ence:ence_s s:+PL
collapse	col:col_p lapse:lapse_N, col:col_p lapse:lapse_N
commingle	com:com_p mingle:mingle_V
community	commun:commune_N ~:al_s ity:ity_s
compensatory	compensat:compensate_V ~:ion_s ory:ory_s
completed	complet:complete_A ed:+PAST
complimented	compliment:compliment_V ed:+PAST
composing	compos:compose_V ing:+PCP1
compromises	compromise:compromise_V s:+PL, compromise:compromise_V s:+3SG
computations	comput:compute_V ation:ation_s s:+PL
conceits	conceit:conceit_N s:+PL
concession	concess:concede_V ion:ion_s
conciliating	conciliat:conciliate_V ing:+PCP1
concordant	concord:concord_N ant:ant_s
conferred	conferr:confer_V ed:+PAST
confinement	confine:confine_V ment:ment_s
confiscation	confiscat:confiscate_V ion:ion_s
conflated	conflat:conflate_V ed:+PAST
conformance	con:con_p form:form_N ance:ance_s
confusion	confus:confuse_V ion:ion_s
congress's	congress:Congress_N 's:+GEN, congress:congress_N 's:+GEN
conservationist's	conserv:conserve_V ation:ation_s ist:ist_s 's:+GEN
contempt	contempt:contempt_N
contingency	conting:contingent_A ency:ency_s
controls	control:control_V s:+PL, control:control_V s:+3SG
conversed	convers:converse_V ed:+PAST
convertibles	convert:convert_V ible:ible_s s:+PL
convicts	convict:convict_V s:+PL, convict:convict_V s:+3SG
coolie	coolie:coolie_N
corinthian	corinth:Corinth_N ian:ian_s, corinth:Corinth_N ian:ian_s
cornered	corner:corner_N ed:+PAST, cornered:cornered_V
cornstarch	corn:corn_N starch:starch_N
corralled	corrall:corral_N ed:+PAST
corroborated	corroborat:corroborate_V ed:+PAST
corsages	corsage:corsage_N s:+PL
corvette	corvette:corvette_N
cote's	cote:cote_N 's:+GEN
counterfeiting	counterfeit:counterfeit_A ing:+PCP1
coveting	covet:covet_V ing:+PCP1
cramped	cramp:cramp_N ed:+PAST, cramped:cramped_V
crayoning	crayon:crayon_N ing:+PCP1
creativeness	creat:create_V ~:ion_s ive:ive_s ness:ness_s
crematoria	cremat:cremate_V oria:orium_s ~:+PL
criers	cri:cry_V er:er_s s:+PL
criminal	crimin:crime_N al:al_s, crimin:crime_N al:al_s
criminally	crimin:crime_N al:al_s ly:ly_s
crocodile's	crocodile:crocodile_N 's:+GEN
crookedness	crooked:crooked_V ness:ness_s
cross-indexing	cross:cross_p -:~ index:index_N ing:+PCP1
crossings'	crossing:crossing_V s:+PL ':+GEN
crow	crow:crow_N, crow:crow_V, crow:crow_V
cul-de-sac's	cul-de-sac:cul-de-sac_N 's:+GEN
culprit	culprit:culprit_N
cults	cult:cult_N s:+PL
curator	curator:curator_N
cursing	curs:curse_V ing:+PCP1
cuticle	cuticle:cuticle_N
cyclops'	cyclops:Cyclops_N ':+GEN
daddy's	dadd:dad_N y:y_s 's:+GEN
daguerreotypes	daguerreotype:daguerreotype_N s:+PL
daiquiris	daiquiri:daiquiri_N s:+PL
dandies	dandi:dandy_N es:+PL
dandled	dandl:dandle_V ed:+PAST
danny	danny:Danny_N
date	date:date_N, date:date_N
debased	debas:debase_V ed:+PAST
debriefed	de:de_p brief:brief_A ed:+PAST
december's	december:December_N 's:+GEN
decency	dec:decent_A ency:ency_s
deciphering	de:de_p cipher:cipher_N ing:+PCP1
declaiming	de:de_p claim:claim_V ing:+PCP1
declamations	de:de_p clam:claim_V ation:ation_s s:+PL
declaring	declar:declare_V ing:+PCP1
dedicating	dedicat:dedicate_V ing:+PCP1
defames	de:de_p fame:fame_N s:+3SG
defeats	defeat:defeat_V s:+PL, defeat:defeat_V s:+3SG
defendants	defend:defend_V ant:ant_s s:+PL
dehumanize	de:de_p human:human_A ize:ize_s
deluded	delud:delude_V ed:+PAST
demoralize	de:de_p moral:moral_A ize:ize_s
denationalized	de:de_p nation:nation_N al:al_s iz:ize_s ed:+PAST
deplorable	deplor:deplore_V able:able_s
deputizes	deput:depute_V ~:y_s ize:ize_s s:+3SG
derv	derv:derv_N
describable	describ:describe_V able:able_s
designer's	design:design_V er:er_s 's:+GEN
detraction	detract:detract_from_V ion:ion_s
detraining	de:de_p train:train_N ing:+PCP1
devaluation	de:de_p valu:value_N at:ate_s ion:ion_s, de:de_p valu:value_N ation:ation_s
deviancies	devi:deviate_V ~:ant_s anci:ancy_s es:+PL
differential	differ:differ_V ent:ent_s ~:ence_s ial:ial_s, differ:differ_V ent:ent_s ~:ence_s ial:ial_s
diking	dik:dike_N ing:+PCP1
diplomatically	diplomat:diplomat_N ic:ic_s ally:ally_s
disorders	dis:dis_p order:order_V s:+PL, dis:dis_p order:order_V s:+3SG
disorientation	dis:dis_p orient:orient_A at:ate_s ion:ion_s, dis:dis_p orientat:orientate_V ion:ion_s
dispassionate	dis:dis_p passion:passion_N ate:ate_s
disposing	dispos:dispose_V ing:+PCP1
dissolute	dissolute:dissolute_A
divorcee	divorc:divorce_V ee:ee_s
domesticating	domestic:domestic_A at:ate_s ing:+PCP1
dominated	dominat:dominate_V ed:+PAST
dos'	do:do_N s:+PL ':+GEN
double-clutch	double:double_A -:~ clutch:clutch_V
dressings'	dressing:dressing_V s:+PL ':+GEN
drips	drip:drip_V s:+PL, drip:drip_V s:+3SG
drumheads	drum:drum_N head:head_N s:+PL
drunkenly	drunk:drink_V en:en_s ly:ly_s
dubbin	dubbin:dubbin_N, dubbin:dubbin_N
dudes	dude:dude_N s:+PL
duellist's	duell:duel_N ist:ist_s 's:+GEN
dumps	dump:dump_V s:+PL, dump:dump_V s:+3SG, dumps:dumps_N
dutifully	duti:duty_N ful:ful_s ly:ly_s
dynamics'	dynamic:dynamic_A s:+PL ':+GEN, dynamic:dynamic_A s:s_s ':+GEN
earplugs	ear:ear_N plug:plug_N s:+PL
eaves	eaves:eaves_N
eel	eel:eel_N
eels	eel:eel_N s:+PL
egotistically	egot:ego_N ~:ism_s ist:ist_s ic:ic_s ally:ally_s, egot:ego_N ~:ism_s ist:ist_s ical:ical_s ly:ly_s
electioneering	elect:elect_A ion:ion_s eer:eer_s ing:+PCP1, electioneering:electioneering_V
elevations	elevat:elevate_V ion:ion_s s:+PL
elite's	elite:elite_N 's:+GEN
embossing	em:em_p boss:boss_N ing:+PCP1
ends'	end:end_N s:+PL ':+GEN
entitlement	entitle:entitle_V ment:ment_s
entitling	entitl:entitle_V ing:+PCP1
equalizes	equal:equal_A ize:ize_s s:+3SG
equerry's	equerry:equerry_N 's:+GEN
equipped	equipp:equip_V ed:+PAST, equipped:equipped_V
eschewed	eschew:eschew_V ed:+PAST
espouses	espouse:espouse_V s:+3SG
estimator	estimat:estimate_V or:or_s
ewers'	ewer:ewer_N s:+PL ':+GEN
ex-serviceman	ex:ex_p -:~ serv:serve_V ice:ice_s man:man_N
exculpation	exculpat:exculpate_V ion:ion_s
exit	exit:exit_V, exit:exit_V
exorbitance	exorbit:exorbitant_A ance:ance_s
expressway	express:express_A way:way_N
extreme's	extreme:extreme_A 's:+GEN
fairs	fair:fair_N s:+PL
fairyland	fairy:fairy_N land:land_N
fanciers'	fanci:fancy_N er:er_s s:+PL ':+GEN
farmers	farm:farm_N er:er_s s:+PL
faster	fast:fast_A er:+CMP, fast:fast_A er:+CMP
fault's	fault:fault_N 's:+GEN
fawn	fawn:fawn_N, fawn:fawn_V
feasts	feast:feast_N s:+PL, feast:feast_N s:+3SG
fences	fence:fence_N s:+PL, fence:fence_N s:+3SG
ferment	ferment:ferment_V, ferment:ferment_V
fielder's	field:field_N er:er_s 's:+GEN
fig-leaf	fig:fig_N -:~ leaf:leaf_N
films	film:film_N s:+PL, film:film_N s:+3SG
finalizes	final:final_A ize:ize_s s:+3SG
fire-eater	fire:fire_N -:~ eat:eat_V er:er_s
firepower	fire:fire_N power:power_N
fireproofed	fire:fire_N proof:proof_s ed:+PAST
firestorms	fire:fire_N storm:storm_N s:+PL
fizzled	fizz:fizz_V l:le_s ed:+PAST
flambeau	flambeau:flambeau_N
fled	fled:flee_V ~:+PAST
flirting	flirt:flirt_V ing:+PCP1
flitted	flitt:flit_V ed:+PAST
floes	floe:floe_N s:+PL
fluffy	fluff:fluff_N y:y_s
fluid's	fluid:fluid_A 's:+GEN
flurried	flurri:flurry_N ed:+PAST
footfalls	foot:foot_N fall:fall_V s:+PL
foppish	fopp:fop_N ish:ish_s
four-poster	four:four_Q -:~ post:post_N er:er_s
four-wheeler	four:four_Q -:~ wheel:wheel_N er:er_s
freighted	freight:freight_N ed:+PAST
freshman	fresh:fresh_A man:man_N
frisian	frisian:Frisian_N
frivolities	frivol:frivolous_A iti:ity_s es:+PL
frivolous	frivolous:frivolous_A
frolicsome	frolic:frolic_V some:some_s
frowns	frown:frown_V s:+PL, frown:frown_V s:+3SG
frugality	frugal:frugal_A ity:ity_s
furthering	further:further_A ing:+PCP1
galley's	galley:galley_N 's:+GEN
gamecocks	game:game_N cock:cock_N s:+PL
gangers	gang:gang_N er:er_s s:+PL
garbage-can	garbage:garbage_N -:~ can:can_N
gasify	gas:gas_N ify:ify_s
gaslight	gas:gas_N light:light_N
gatecrasher	gate:gate_N crash:crash_N er:er_s
geese	geese:goose_N ~:+PL
geldings	gelding:gelding_V s:+PL
germans'	german:German_A s:+PL ':+GEN
giant	giant:giant_N
giraffe's	giraffe:giraffe_N 's:+GEN
giving	giv:give_V ing:+PCP1
gladiator	gladiator:gladiator_N
glides	glide:glide_V s:+PL, glide:glide_V s:+3SG
glowering	glower:glower_V ing:+PCP1
glows	glow:glow_V s:+3SG
godparents'	god:God_N parent:parent_N s:+PL ':+GEN
gored	gor:gore_N ed:ed_s, gor:gore_V ed:+PAST
gourmands	gourmand:gourmand_N s:+PL
grandad	gran:grand_A dad:dad_N
graphical	graph:graph_N ical:ical_s
griffon	griffon:griffon_N
gross'	gross:gross_A ':+GEN
growers'	grow:grow_V er:er_s s:+PL ':+GEN
guard	guard:guard_N, guard:guard_N
gull's	gull:gull_N 's:+GEN, gull:gull_V 's:+GEN
habitues	habitue:habitue_N s:+PL
hagiographies	hagiographi:hagiography_N es:+PL
haloes	halo:halo_N es:+PL
hamlets'	hamlet:hamlet_N s:+PL ':+GEN
handmaid's	hand:hand_N maid:maid_N 's:+GEN
handpick	hand:hand_N pick:pick_V
handsaws	hand:hand_N saw:saw_N s:+PL
hap's	hap:hap_N 's:+GEN
harbours	harbour:harbour_N s:+PL, harbour:harbour_N s:+3SG
hardbacked	hard:hard_A back:back_N ed:ed_s
harridans	harridan:harridan_N s:+PL
headboards	head:head_N board:board_N s:+PL
headlamp	head:head_N lamp:lamp_N
healing	heal:heal_V ing:+PCP1, healing:healing_V
heap	heap:heap_N, heap:heap_N
heartbroken	heart:heart_N broken:broken_V
heartburn	heart:heart_N burn:burn_V
heavies	heav:heave_V i:y_s es:+PL
hebraic	hebra:Hebrew_A ic:ic_s
helplessness	help:help_V less:less_s ness:ness_s
hemispheres	hemisphere:hemisphere_N s:+PL
heron	heron:heron_N
hesse's	hesse:Hesse_N 's:+GEN
hew	hew:hew_V
hi-fi	hi:high_A -:~ fi:fidelity_N, hi:high_A -:~ fi:fidelity_N
hitches	hitch:hitch_V es:+PL, hitch:hitch_V es:+3SG
hitchhiker's	hitch:hitch_V hik:hike_V er:er_s 's:+GEN
hoarfrost	hoar:hoar_A frost:frost_N
homework's	home:home_N work:work_V 's:+GEN
homogenizes	homogenize:homogenize_V s:+3SG
hooker's	hook:hook_N er:er_s 's:+GEN
hooks'	hook:hook_N s:+PL ':+GEN
hookworms	hook:hook_N worm:worm_N s:+PL
horrid	horrid:horrid_A
horrifically	horr:horror_N if:ify_s ic:ic_s ally:ally_s
housekeeping	house:house_N keeping:keeping_V
hugging	hugg:hug_V ing:+PCP1
hydroponic	hydroponic:hydroponic_A
hydrotherapy	hydro:hydro_p therapy:therapy_N
hyperbolical	hyperbol:hyperbola_N ical:ical_s, hyperbol:hyperbole_N ical:ical_s
idem	idem:idem_O
idolizing	idol:idol_N iz:ize_s ing:+PCP1
ignominiously	ignomini:ignominy_N ous:ous_s ly:ly_s
ill-omened	ill:ill_A -:~ omen:omen_N ed:ed_s
illness'	ill:ill_A ness:ness_s ':+GEN
immutably	im:im_p mutab:mutable_A ly:ly_s
impersonators	im:im_p person:person_N at:ate_s or:or_s s:+PL
imponderable	im:im_p ponder:ponder_V able:able_s, im:im_p ponder:ponder_V able:able_s
impregnable	impregnable:impregnable_A
improvised	improvis:improvise_V ed:+PAST
inaccurately	in:in_p accurate:accurate_A ly:ly_s
incipient	incipient:incipient_A
incumbency	incumb:incumbent_A ency:ency_s
indignities'	in:in_p digniti:dignity_N es:+PL ':+GEN
infelicities	in:in_p felic:felicity_N ~:ous_s iti:ity_s es:+PL
infidels	infidel:infidel_N s:+PL
infinitives	infinitive:infinitive_A s:+PL
ingots'	ingot:ingot_N s:+PL ':+GEN
ingredients	ingredient:ingredient_N s:+PL
instigators	instigat:instigate_V or:or_s s:+PL
institutional	institut:institute_V ion:ion_s al:al_s
insulation's	insulat:insulate_V ion:ion_s 's:+GEN
insures	in:in_p sure:sure_A s:+3SG
interchanged	inter:inter_p chang:change_V ed:+PAST
intermediary's	inter:inter_p medi:mediate_V ary:ary_s 's:+GEN
interposing	inter:inter_p pos:pose_V ing:+PCP1
intimating	intimat:intimate_A ing:+PCP1
inundate	inundate:inundate_V
invalidated	in:in_p valid:valid_A at:ate_s ed:+PAST
inviolate	in:in_p violate:violate_V
ironclad	iron:iron_N clad:clad_V, iron:iron_N clad:clad_V
irony's	irony:irony_N 's:+GEN
jarring	jarr:jar_V ing:+PCP1, jarring:jarring_V
jell-o's	jell-o:Jell-O_N 's:+GEN
joggling	jogg:jog_V l:le_s ing:+PCP1
joinery	join:join_V ery:ery_s
joker	jok:joke_V er:er_s
jollifications	joll:jolly_A ific:ify_s ation:ation_s s:+PL
joyless	joy:joy_N less:less_s
junctions	junction:junction_N s:+PL
jungles	jungle:jungle_N s:+PL
junks	junk:junk_N s:+PL, junk:junk_N s:+3SG
katydid	katydid:katydid_N
keelhauls	keel:keel_N haul:haul_V s:+3SG
khan's	khan:khan_N 's:+GEN
kiddies	kidd:kid_N i:y_s es:+PL
kids	kid:kid_N s:+PL, kid:kid_V s:+3SG
kip's	kip:kip_V 's:+GEN
kirks'	kirk:kirk_N s:+PL ':+GEN
kitchenette's	kitchen:kitchen_N ette:ette_s 's:+GEN
kneads	knead:knead_V s:+3SG
knesset	knesset:Knesset_N
knife's	knife:knife_N 's:+GEN
knocks'	knock:knock_V s:+PL ':+GEN
knuckles'	knuckle:knuckle_N s:+PL ':+GEN
koran	koran:Koran_N
laboratories'	laboratori:laboratory_N es:+PL ':+GEN
lachrymose	lachrymose:lachrymose_A
ladybug	lady:lady_N bug:bug_N
lapwing	lap:lap_V wing:wing_N
larval	larv:larva_N al:al_s
leftist	left:left_A ist:ist_s, left:left_A ist:ist_s
legacies	lega:legate_N ci:cy_s es:+PL
leggings	legg:leg_N ing:ing_s s:s_s
lessens	less:less_O en:en_s s:+3SG
libber	libb:liberate_V ~:ion_s er:er_s
liberal's	liberal:Liberal_N 's:+GEN, liberal:liberal_A 's:+GEN
licked	lick:lick_V ed:+PAST
lifeboats	life:life_N boat:boat_N s:+PL
linden	linden:linden_N
lineman	line:line_N man:man_N
lines	line:line_N s:+PL, line:line_N s:+3SG, lines:lines_N
linguist's	linguist:linguist_N 's:+GEN
liquefying	liquefy:liquefy_V ing:+PCP1
litigates	litigate:litigate_V s:+3SG
lofted	loft:loft_N ed:+PAST, lofted:lofted_V
long-time	long:long_A -:~ time:time_N
longbow	long:long_A bow:bow_V
loon's	loon:loon_N 's:+GEN
lotus's	lotus:lotus_N 's:+GEN
louvred	louvr:louvre_N ed:ed_s
louvres	louvre:louvre_N s:+PL
low-keyed	low:low_A -:~ key:key_N ed:ed_s
luckless	luck:luck_N less:less_s
lurchers	lurch:lurch_N er:er_s s:+PL
lustful	lust:lust_N ful:ful_s
lye	lye:lye_N
machismo	machismo:machismo_N
magistrates'	magistrate:magistrate_N s:+PL ':+GEN
malnutrition	mal:mal_p nutrition:nutrition_N
maltster	malt:malt_N ster:ster_s
malversation	malversation:malversation_N
mandate's	mandate:mandate_N 's:+GEN
mangling	mangl:mangle_N ing:+PCP1, mangl:mangle_V ing:+PCP1
manicure	manicure:manicure_N, manicure:manicure_N
manicurist's	manicur:manicure_N ist:ist_s 's:+GEN
mantels	mantel:mantel_N s:+PL
maroon	maroon:maroon_A, maroon:maroon_A, maroon:maroon_A
maroons	maroon:maroon_A s:+PL, maroon:maroon_A s:+3SG
mascot	mascot:mascot_N
mastheads	mast:mast_N head:head_N s:+PL
mathematician's	mathematic:mathematics_N ian:ian_s 's:+GEN
matriarchal	matriarch:matriarch_N al:al_s
maxis	maxi:maximum_A s:+PL
meadows'	meadow:meadow_N s:+PL ':+GEN
meditates	meditate:meditate_V s:+3SG
mediterranean	mediterranean:Mediterranean_N, mediterranean:Mediterranean_N
memento's	memento:memento_N 's:+GEN
menacing	menac:menace_V ing:+PCP1, menacing:menacing_V
merely	mere:mere_A ly:ly_s
methods	method:method_N s:+PL
midsummer	mid:mid_p summer:summer_N
migraines	migraine:migraine_N s:+PL
militiamen	militia:militia_N men:man_N ~:+PL
mind-reader	mind:mind_N -:~ read:read_V er:er_s
ministration	ministr:minister_N ~:to_P ation:ation_s
misappropriate	mis:mis_p appropriate:appropriate_A
misfits	mis:mis_p fit:fit_A s:+PL
misgivings'	mis:mis_p giving:giving_V s:+PL ':+GEN
misled	mis:mis_p led:lead_V ~:+PAST
misunderstanding	mis:mis_p understand:understand_V ing:+PCP1, misunderstanding:misunderstanding_V
mitigate	mitigate:mitigate_V
mitts	mitt:mitt_N s:+PL
mixtures	mixt:mix_V ure:ure_s s:+PL
modelling	modell:model_N ing:+PCP1, modelling:modelling_V
modifications'	modific:modify_V ation:ation_s s:+PL ':+GEN
moistening	moist:moist_A en:en_s ing:+PCP1
moodiness	mood:mood_N i:y_s ness:ness_s
mooed	moo:moo_V ed:+PAST
morn's	morn:morn_N 's:+GEN
mosque	mosque:mosque_N
murals'	mural:mural_A s:+PL ':+GEN
mushier	mush:mush_N i:y_s er:+CMP
mussed	muss:muss_N ed:+PAST
muzzle's	muzzle:muzzle_N 's:+GEN
muzzled	muzzl:muzzle_N ed:+PAST
narrowest	narrow:narrow_A est:+SUP
nasal	nasal:nasal_A, nasal:nasal_A
natures	nature:nature_N s:+PL
navies'	navi:navy_N es:+PL ':+GEN
needlewoman	needle:needle_N woman:woman_N
negotiations	negotiat:negotiate_V ion:ion_s s:+PL
neighbour's	neighbour:neighbour_N 's:+GEN
net's	net:net_A 's:+GEN
nicked	nick:nick_V ed:+PAST
nihilistic	nihil:nihilism_N ist:ist_s ic:ic_s
nihilists	nihil:nihilism_N ist:ist_s s:+PL
ninnies	ninni:ninny_N es:+PL
nipples	nipple:nipple_N s:+PL
nobbling	nobbl:nobble_V ing:+PCP1
nobles	noble:noble_A s:+PL
non-profit-making	non-profit-making:non-profit-making_A
nostalgia	nostalgia:nostalgia_N
nourishes	nourish:nourish_V es:+3SG
nuisances'	nuisance:nuisance_N s:+PL ':+GEN
numberplates	number:number_V plate:plate_N s:+PL
numerable	numer:number_V able:able_s
numskulls	num:numb_A skull:skull_N s:+PL
nut	nut:nut_N, nut:nut_N
oaks	oak:oak_N s:+PL
oboe	oboe:oboe_N
off-white's	off:off_B -:~ white:white_A 's:+GEN
officeholders'	office:office_N hold:hold_V er:er_s s:+PL ':+GEN
omnivorous	omnivorous:omnivorous_A
opinionated	opin:opine_V ion:ion_s at:ate_s ed:ed_s
oppressor	oppress:oppress_V or:or_s
orbs	orb:orb_N s:+PL
ordains	ordain:ordain_V s:+3SG
orderliness	order:order_V li:ly_s ness:ness_s
outcomes	out:come_V come:out_B s:+PL
outlawing	out:out_p law:law_N ing:+PCP1
outworks	out:out_p work:work_V s:+PL
overbalanced	over:over_p balanc:balance_V ed:+PAST
overburden	over:over_p burden:burden_N, over:over_p burden:burden_N
overlapping	over:over_P lapp:lap_V ing:+PCP1
overstock	over:over_p stock:stock_V
overthrow	over:over_P throw:throw_V, over:over_P throw:throw_V
palish	pal:pale_A ish:ish_s
pamphlet's	pamphlet:pamphlet_N 's:+GEN
panhandling	pan:pan_N handl:handle_V ing:+PCP1
pantheons	pantheon:pantheon_N s:+PL
paprika	paprika:paprika_N
paragon	paragon:paragon_N
parasols	parasol:parasol_N s:+PL
park	park:park_N, park:park_N
parliaments'	parliament:parliament_N s:+PL ':+GEN
patriot's	patriot:patriot_N 's:+GEN
pea	pea:pea_N
peel's	peel:peel_V 's:+GEN
pegged	pegg:peg_N ed:+PAST
pellet	pellet:pellet_N
penetrates	penetrate:penetrate_V s:+3SG
pensioner	pension:pension_N er:er_s
perceptibly	percept:perceive_V ib:ible_s ly:ly_s
perches'	perch:perch_N es:+PL ':+GEN
perforated	perforat:perforate_V ed:+PAST
personas	persona:persona_N s:+PL
pervading	pervad:pervade_V ing:+PCP1
pests'	pest:pest_N s:+PL ':+GEN
phaetons	phaeton:phaeton_N s:+PL
phi's	phi:phi_N 's:+GEN
photo's	photo:photo_p ~:graph_s 's:+GEN
photocopier	photo:photo_p copi:copy_V er:er_s
photogravure	photo:photo_p gravure:gravure_N
phrenologists	phrenolog:phrenology_N ist:ist_s s:+PL
physiognomy	physiognomy:physiognomy_N
pianolas	pianola:Pianola_N s:+PL
pianos	piano:piano_A s:+PL
picketed	picket:picket_N ed:+PAST
pieta	pieta:pieta_N
piglet	pig:pig_N let:let_s
pinkish	pink:pink_A ish:ish_s
pithiest	pith:pith_N i:y_s est:+SUP
pizza	pizza:pizza_N
placement	place:place_N ment:ment_s
plaice	plaice:plaice_N
plaids	plaid:plaid_N s:+PL
pled	pled:plead_V ~:+PAST
plenitude	plenitude:plenitude_N
plight	plight:plight_V, plight:plight_V
plopped	plopp:plop_N ed:+PAST
plucky	pluck:pluck_V y:y_s
plumbed	plumb:plumb_N ed:+PAST
plushest	plush:plush_N est:+SUP
polling-booth	polling:polling_V -:~ booth:booth_N
poops'	poop:poop_N s:+PL ':+GEN
poppycock	poppy:poppy_N cock:cock_N
porn's	porn:pornography_N 's:+GEN
poser	pos:pose_V er:er_s
pottages	pott:pot_N age:age_s s:+PL
powered	power:power_N ed:+PAST, power:power_N ed:ed_s
praises	praise:praise_V s:+PL, praise:praise_V s:+3SG, praises:praises_N
prearrangements	pre:pre_p arrange:arrange_V ment:ment_s s:+PL
precarious	precarious:precarious_A
precedes	precede:precede_V s:+3SG
predictions	predict:predict_V ion:ion_s s:+PL
predictor	predict:predict_V or:or_s
prefect's	prefect:prefect_N 's:+GEN
premises	premise:premise_N s:+PL, premise:premise_N s:+3SG, premises:premises_N
prepackaged	pre:pre_p pack:pack_N ag:age_s ed:+PAST
prepared	prepar:prepare_V ed:+PAST, prepared:prepared_V
presence	pres:present_A ence:ence_s
pressured	press:press_V ur:ure_s ed:+PAST
prevaricators	prevaricat:prevaricate_V or:or_s s:+PL
prevented	prevent:prevent_V ed:+PAST
primaries	prim:prime_A ari:ary_s es:+PL
prizefighters	prize:prize_N fight:fight_V er:er_s s:+PL
probabilities	probabil:probable_A iti:ity_s es:+PL
profaning	profan:profane_A ing:+PCP1
prognoses	prognoses:prognosis_N ~:+PL
projectionists'	project:project_V ion:ion_s ist:ist_s s:+PL ':+GEN
propagator	propagat:propagate_V or:or_s
prophesy	prophesy:prophesy_V
propjet	~:turbo_p prop:propel_V ~:er_s jet:jet_N
prorogation	prorog:prorogue_V ation:ation_s
proselytizes	proselyt:proselyte_N ize:ize_s s:+3SG
protestant's	protest:protest_V ant:ant_s 's:+GEN
proudest	proud:proud_A est:+SUP
provokingly	provoking:provoking_V ly:ly_s
psyche	psyche:psyche_N
psychiatrist's	psychiatr:psychiatry_N ist:ist_s 's:+GEN
puce's	puce:puce_N 's:+GEN
pugnacity	pugnac:pugnacious_A ity:ity_s
pulled	pull:pull_V ed:+PAST
pullman	pullman:Pullman_N
pulsed	puls:pulse_V ed:+PAST
punch	punch:Punch_N, punch:punch_V, punch:punch_V
punic	punic:Punic_A
punishment	punish:punish_V ment:ment_s
puns	pun:pun_V s:+PL, pun:pun_V s:+3SG
puritanism	pur:pure_A it:ity_s an:an_s ism:ism_N, pur:pure_A it:ity_s an:an_s ism:ism_s
purport	purport:purport_V, purport:purport_V
push-ups	push:push_V -:~ up:up_B s:+PL
quake's	quake:quake_V 's:+GEN
quangos	quango:quango_? s:+PL
quasar's	quas:quasi_p ar:stellar_A 's:+GEN
quieter	quiet:quiet_A er:+CMP
quinine's	quinine:quinine_N 's:+GEN
quixote	quixote:Quixote_N
rack's	rack:rack_N 's:+GEN
rail-car	rail:rail_V -:~ car:car_N
railway's	rail:rail_V way:way_N 's:+GEN
raisins	raisin:raisin_N s:+PL
rationalist	rational:rational_A ~:ism_s ist:ist_s, rational:rational_A ~:ism_s ist:ist_s
rationalization	rational:rational_A iz:ize_s ation:ation_s
ravine	ravine:ravine_N
realigned	re:re_p align:align_V ed:+PAST
realty's	real:real_A ty:ty_s 's:+GEN
rebinds	re:re_p bind:bind_V s:+3SG
rebuilding	re:re_p build:build_V ing:+PCP1
recommendations'	re:re_p commend:commend_V ation:ation_s s:+PL ':+GEN
reconciliations	re:re_p conciliat:conciliate_V ion:ion_s s:+PL, reconcili:reconcile_V ation:ation_s s:+PL
recount	re:re_p count:count_V, re:re_p count:count_V
recrudescence	recrudesc:recrudescent_A ence:ence_s
rectangles	rectangle:rectangle_N s:+PL
redressed	re:re_p dress:dress_N ed:+PAST
reek's	reek:reek_V 's:+GEN
reface	re:re_p face:face_N
referendum	referendum:referendum_N
regalia	regalia:regalia_N
region	region:region_N
relics	relic:relic_N s:+PL, relics:relics_N
reminder	re:re_p mind:mind_N er:er_s
reminds	re:re_p mind:mind_N s:+3SG
remorsefully	remorse:remorse_N ful:ful_s ly:ly_s
rentals'	rent:rent_V al:al_s s:+PL ':+GEN
repatriating	repatriat:repatriate_V ing:+PCP1
repealing	repeal:repeal_V ing:+PCP1
repellent	repell:repel_V ent:ent_s, repell:repel_V ent:ent_s
reposed	re:re_p pos:pose_V ed:+PAST
republics	republic:republic_N s:+PL
reruns'	re:re_p run:run_V s:+PL ':+GEN
reserved	reserv:reserve_V ed:+PAST, reserved:reserved_V
reshuffling	re:re_p shuffl:shuffle_V ing:+PCP1
resists	resist:resist_V s:+3SG
resonant	reson:resonate_V ant:ant_s
respecters	respect:respect_V er:er_s s:+PL
responsibilities	respons:respond_V ibil:ible_s iti:ity_s es:+PL
retook	re:re_p took:take_V ~:+PAST
returns'	re:re_p turn:turn_V s:+PL ':+GEN, returns:returns_N ':+GEN
revels'	revel:revel_V s:+PL ':+GEN
revere	revere:revere_V
revertible	revert:revert_to_V ible:ible_s
revivalist	reviv:revive_V al:al_s ist:ist_s
revoking	revok:revoke_V ing:+PCP1
revolt	revolt:revolt_V, revolt:revolt_V
ribald	ribald:ribald_A, ribald:ribald_A
ribaldry	ribald:ribald_A ry:ry_s
rigidity	rigid:rigid_A ity:ity_s
rigorous	rig:rigid_A or:our_s ous:ous_s
risings	rising:rising_V s:+PL
roadbeds	road:road_N bed:bed_N s:+PL
robin's	robin:robin_N 's:+GEN
rodeo's	rodeo:rodeo_N 's:+GEN
rods'	rod:rod_N s:+PL ':+GEN
roll-on	roll:roll_V -:~ on:on_P
roman's	rom:Rome_N an:an_s 's:+GEN
roughhouse	rough:rough_A house:house_N, rough:rough_A house:house_N
roused	rous:rouse_V ed:+PAST
ruffles	ruffle:ruffle_V s:+PL, ruffle:ruffle_V s:+3SG
ruinously	ruin:ruin_V ous:ous_s ly:ly_s
rum's	rum:rum_N 's:+GEN
ruminated	ruminat:ruminate_V ed:+PAST
rumpling	rumpl:rumple_V ing:+PCP1
sabah	sabah:Sabah_N
sackbuts	sackbut:sackbut_N s:+PL
safeguard	safe:safe_A guard:guard_N, safe:safe_A guard:guard_N
salad-dressings	salad:salad_N -:~ dressing:dressing_V s:+PL
saleroom	sale:sale_N room:room_N
sales	sale:sale_N s:+PL, sales:sales_N
salesclerk's	sales:sales_N clerk:clerk_N 's:+GEN
salon's	salon:salon_N 's:+GEN
salvoes	salvo:salvo_N es:+PL
samplers	sampl:sample_V er:er_s s:+PL
sanitaria	sanitaria:sanitarium_N ~:+PL
saturn's	saturn:Saturn_N 's:+GEN
saxons'	saxon:Saxon_N s:+PL ':+GEN
scallops	scallop:scallop_N s:+PL, scallop:scallop_N s:+3SG
scantier	scant:scant_A i:y_s er:+CMP
sceptics	sceptic:sceptic_N s:+PL
schedules	schedule:schedule_V s:+PL, schedule:schedule_V s:+3SG
schnitzels	schnitzel:schnitzel_N s:+PL
scholarly	schol:school_N ar:ar_s ly:ly_s
schoolgirls'	school:school_N girl:girl_N s:+PL ':+GEN
schoolmistress'	school:school_N mistress:mistress_N ':+GEN
scullion	scullion:scullion_N
se	se:SE
sea-legs	sea:sea_N -:~ legs:legs_N
sea-lion	sea:sea_N -:~ lion:lion_N
seaborne	sea:sea_N borne:borne_V
season's	season:season_N 's:+GEN
seasonings'	seasoning:seasoning_V s:+PL ':+GEN
secretarial	secretari:secretary_N al:al_s
sees'	see:see_N s:+PL ':+GEN
seize	seize:seize_V
self-will	self:self_p -:~ will:will_V
septembers	september:September_N s:+PL
sequel's	sequel:sequel_N 's:+GEN
serialize	seri:series_N al:al_s ize:ize_s
serially	seri:series_N al:al_s ly:ly_s
servers'	serv:serve_V er:er_s s:+PL ':+GEN
sevenths	seven:seven_Q th:th_s s:+PL
seychellois	seychellois:Seychellois_A, seychellois:Seychellois_A
sforzandi	sforzandi:sforzando_A ~:+PL
shallower	shallow:shallow_A er:+CMP
shank's	shank:shank_N 's:+GEN
sheilas	sheila:sheila_N s:+PL
shoestring's	shoe:shoe_N string:string_N 's:+GEN
shoplifters	shop:shop_N lift:lift_V er:er_s s:+PL
shoplifts	shop:shop_N lift:lift_V s:+3SG
short-circuit	short:short_A -:~ circuit:circuit_N, short:short_A -:~ circuit:circuit_N
showering	shower:shower_N ing:+PCP1
sideswipes	side:side_N swipe:swipe_V s:+PL, side:side_N swipe:swipe_V s:+3SG
sidings	siding:siding_V s:+PL
silents'	silent:silent_A s:+PL ':+GEN
silo	silo:silo_N
simulates	simulate:simulate_V s:+3SG
sinfully	sin:sin_V ful:ful_s ly:ly_s
sip	sip:sip_V, sip:sip_V
skied	ski:sky_N ed:+PAST
skimmed-milk	skimmed:skimmed_V -:~ milk:milk_N
skins'	skin:skin_N s:+PL ':+GEN
skulked	skulk:skulk_V ed:+PAST
slacking	slack:slack_A ing:+PCP1
sleazy	sleazy:sleazy_A
slices	slice:slice_V s:+PL, slice:slice_V s:+3SG
slickly	slick:slick_A ly:ly_s
slotted	slott:slot_N ed:+PAST
slough	slough:slough_N
sniffs	sniff:sniff_V s:+PL, sniff:sniff_V s:+3SG
snook's	snook:snook_N 's:+GEN
soap's	soap:soap_N 's:+GEN
solution's	sol:solve_V ution:ution_s 's:+GEN
sopping	sopp:sop_N ing:+PCP1, sopping:sopping_V, sopping:sopping_V
sou	sou:sou_N
speakerships	speak:speak_V er:er_s ship:ship_s s:+PL
speculated	speculat:speculate_V ed:+PAST
splashes	splash:splash_V es:+PL, splash:splash_V es:+3SG
spread	spread:spread_V, spread:spread_V
spreads	spread:spread_V s:+PL, spread:spread_V s:+3SG
squeaker	squeak:squeak_V er:er_s
squeakers	squeak:squeak_V er:er_s s:+PL
squints	squint:squint_V s:+PL, squint:squint_V s:+3SG
squinty	squint:squint_V y:y_s
stable	stable:stable_A, stable:stable_N, stable:stable_N
stage-whispers	stage:stage_N -:~ whisper:whisper_V s:+PL
stalwart	stalwart:stalwart_A, stalwart:stalwart_A
standpoint	stand:stand_V point:point_N
starkers	starkers:starkers_A
statements'	state:state_V ment:ment_s s:+PL ':+GEN
stationer	station:station_N er:er_s
statues'	statue:statue_N s:+PL ':+GEN
statuette	statu:statue_N ette:ette_s
steamship	steam:steam_N ship:ship_N
sterilizing	steril:sterile_A iz:ize_s ing:+PCP1
sterna	sterna:sternum_N ~:+PL
stewards	steward:steward_N s:+PL, steward:steward_N s:+3SG
stinting	stint:stint_V ing:+PCP1
stocking	stock:stock_V ing:+PCP1, stocking:stocking_N
storerooms	store:store_V room:room_N s:+PL
strangulation	strangul:strangle_V at:ate_s ion:ion_s
stream	stream:stream_N, stream:stream_N
strode	strode:stride_V ~:+PAST
strollers	stroll:stroll_V er:er_s s:+PL
sturdy	sturdy:sturdy_A
subsequently	sub:sub_p sequent:sequent_A ly:ly_s
suburbanite	sub:sub_p urban:urban_A ite:ite_s, suburb:suburb_N an:an_s ite:ite_s
sufficient	suffici:suffice_V ent:ent_s
suffixes	suffix:suffix_N es:+PL
sulphides	sulph:sulphur_N ide:ide_s s:+PL
summaries	summari:summary_A es:+PL
summarizing	summar:summary_A iz:ize_s ing:+PCP1
sun's	sun:sun_N 's:+GEN
sunroof	sun:sun_N roof:roof_N
sure	sure:sure_A, sure:sure_A
surgeon	surgeon:surgeon_N
surliest	surli:surly_A est:+SUP
sweet's	sweet:sweet_A 's:+GEN
switching	switch:switch_N ing:+PCP1
taboos'	taboo:taboo_N s:+PL ':+GEN
tackles	tackle:tackle_N s:+PL, tackle:tackle_N s:+3SG
tallying	tally:tally_N ing:+PCP1
tamped	tamp:tamp_V ed:+PAST
tangible	tangible:tangible_A
tangs	tang:tang_N s:+PL
tarrying	tarry:tarry_V ing:+PCP1
taster	tast:taste_V er:er_s
tatters	tatt:tat_V er:er_s s:+PL, tatters:tatters_N
tattlers	tattl:tattle_V er:er_s s:+PL
taunts	taunt:taunt_N s:+PL, taunt:taunt_N s:+3SG
taxiing	taxi:taxi_N ing:+PCP1
teasel	teasel:teasel_N
ted's	ted:teddy_N ~:boy_N 's:+GEN
telegraph	tele:tele_p graph:graph_s, tele:tele_p graph:graph_s
temper	temper:temper_V, temper:temper_V
temporizing	temporiz:temporize_V ing:+PCP1
tempter	tempt:tempt_V er:er_s
tenable	tenable:tenable_A
tenor's	tenor:tenor_N 's:+GEN
terrified	terr:terror_N ifi:ify_s ed:+PAST
test's	test:test_N 's:+GEN
tests	test:test_N s:+PL, test:test_N s:+3SG
tete-a-tete	tete-a-tete:tete-a-tete_N, tete-a-tete:tete-a-tete_N
thanksgivings	thanks:thanks_N giving:giving_V s:+PL, thanks:thanks_N giving:giving_V ~:day_N s:+PL
thematic	them:theme_N atic:atic_s
theodolite	theodolite:theodolite_N
threshing	thresh:thresh_V ing:+PCP1
throwaways	throw:throw_V a:a_p way:way_N s:+PL
tie-on	tie:tie_V -:~ on:on_P
timpanist	timpan:timpani_N ist:ist_s
tiredness	tired:tired_V ness:ness_s
toes	toe:toe_N s:+PL
toilers	toil:toil_V er:er_s s:+PL
tomatoes'	tomato:tomato_N es:+PL ':+GEN
toothaches	tooth:tooth_N ache:ache_V s:+PL
toothy	tooth:tooth_N y:y_s
topazes	topaz:topaz_N es:+PL
tornados	tornado:tornado_N s:+PL
torpedos	torpedo:torpedo_N s:+3SG
torturers	tortur:torture_N er:er_s s:+PL
tournaments'	tournament:tournament_N s:+PL ':+GEN
touted	tout:tout_V ed:+PAST
tow's	tow:tow_V 's:+GEN
toward	to:to_P ward:ward_s
towelling	towell:towel_N ing:+PCP1, towelling:towelling_V
tract	tract:tract_N
trafficked	traffick:traffic_V ed:+PAST
tramples	tramp:tramp_V le:le_s s:+PL, tramp:tramp_V le:le_s s:+3SG
transcendency	transcend:transcend_V ~:ent_s ency:ency_s
transmogrification	transmogrific:transmogrify_V ation:ation_s
trashiness	trash:trash_N i:y_s ness:ness_s
treasure	treasure:treasure_N, treasure:treasure_N
trellising	trellis:trellis_N ing:+PCP1
trendiness'	trend:trend_V i:y_s ness:ness_s ':+GEN
trestle-tables	trestle:trestle_N -:~ table:table_N s:+PL
triads	triad:triad_N s:+PL
tribunal's	tribun:tribune_N al:al_s 's:+GEN
triplex's	triplex:Triplex_N 's:+GEN
triumvirate	triumvir:triumvir_N ate:ate_s
truce	truce:truce_N
truck	truck:truck_N
trumpeters	trump:trump_N et:et_s er:er_s s:+PL
tugboats	tug:tug_N boat:boat_N s:+PL
tureen	tureen:tureen_N
turncoats	turn:turn_V coat:coat_N s:+PL
twangs	twang:twang_V s:+PL, twang:twang_V s:+3SG
twin's	twin:twin_N 's:+GEN
twine's	twine:twine_N 's:+GEN
twits	twit:twit_V s:+PL, twit:twit_V s:+3SG
two-ply	two:two_Q -:~ ply:ply_N, two:two_Q -:~ ply:ply_N
two-way	two:two_Q -:~ way:way_N
unabridged	un:un_p abridged:abridged_V
unadopted	un:un_p adopted:adopted_V
underage	under:under_p age:age_N
undergrad	under:under_P grad:graduate_V
undertaking's	undertaking:undertaking_V 's:+GEN
undies	undies:undies_N
unequivocally	un:un_p equivocal:equivocal_A ly:ly_s
unheard	un:un_p heard:heard_V
unhooks	un:un_p hook:hook_N s:+3SG
unreserved	un:un_p reserved:reserved_V
unseeingly	un:un_p seeing:seeing_V ly:ly_s
upstairs	up:up_B stairs:stairs_N, up:up_B stairs:stairs_N, up:up_B stairs:stairs_N
urchins	urchin:urchin_N s:+PL
vacillation	vacillat:vacillate_V ion:ion_s
vassals	vassal:vassal_N s:+PL
vaudeville	vaudeville:vaudeville_N
ventriloquists	ventriloqu:ventriloquism_N ist:ist_s s:+PL
venue	venue:venue_N
versification	vers:verse_N ific:ify_s ation:ation_s
viceregal	vice:vice_p regal:regal_A
vicunas	vicuna:vicuna_N s:+PL
vineyard	vine:vine_N yard:yard_N
volunteer's	volunteer:volunteer_V 's:+GEN
voteless	vote:vote_N less:less_s
vouchsafed	vouch:vouch_for_V saf:safe_A ed:+PAST
vulgarized	vulgar:vulgar_A iz:ize_s ed:+PAST
waistbands	waist:waist_N band:band_N s:+PL
waistcoats	waist:waist_N coat:coat_N s:+PL
walk-up	walk:walk_V -:~ up:up_B, walk:walk_V -:~ up:up_B
want-ad	want:want_V -:~ ad:advertise_V ~:ment_s
warders	ward:ward_N er:er_s s:+PL
warming	warm:warm_A ing:+PCP1
washstands	wash:wash_V stand:stand_V s:+PL
watch-chains	watch:watch_V -:~ chain:chain_N s:+PL
watercourses	water:water_N course:course_N s:+PL
waxwork	wax:wax_N work:work_V
wearers	wear:wear_V er:er_s s:+PL
welshing	welsh:welsh_V ing:+PCP1
whiners'	whin:whine_V er:er_s s:+PL ':+GEN
whipping	whipp:whip_N ing:+PCP1, whipping:whipping_V
whispers	whisper:whisper_V s:+PL, whisper:whisper_V s:+3SG
whoops	whoop:whoop_N s:+PL, whoop:whoop_N s:+3SG
wiltons	wilton:Wilton_N s:+PL
winced	winc:wince_V ed:+PAST
winner	winn:win_V er:er_s
wipes	wipe:wipe_V s:+PL, wipe:wipe_V s:+3SG
wisdom	wis:wise_A dom:dom_s
withhold	with:with_p hold:hold_V
witlessness	wit:wit_N less:less_s ness:ness_s
witnessing	witness:witness_N ing:+PCP1
wombs	womb:womb_N s:+PL
worship	worship:Worship_N, worship:worship_N, worship:worship_N
worshipper	worshipp:worship_N er:er_s
wreaking	wreak:wreak_V ing:+PCP1
yetis	yeti:yeti_N s:+PL
yowling	yowl:yowl_V ing:+PCP1
zany's	zany:zany_A 's:+GEN
zeniths	zenith:zenith_N s:+PL
zodiac	zodiac:zodiac_N
zombie's	zombie:zombie_N 's:+GEN
accompanied	ac:ac_p compani:company_N ed:+PAST
acknowledging	ac:ac_p knowledg:knowledge_N ing:+PCP1
acquisitions'	acquis:acquire_V ition:ition_s s:+PL ':+GEN
acupuncture's	acupuncture:acupuncture_N 's:+GEN
advantageously	advant:advance_V age:age_s ous:ous_s ly:ly_s
ageing	age:age_N ing:+PCP1, ageing:ageing_V
airlocks	air:air_N lock:lock_N s:+PL
algeria	algeria:Algeria_N
alter	alter:alter_V
alumni's	alumni:alumnus_N ~:+PL 's:+GEN
antimatter	anti:anti_p matter:matter_N
anyplace	any:any_O place:place_N
archaism	archa:archaic_A ism:ism_s
archdeacons	arch:arch_p deacon:deacon_N s:+PL
archetype	archetype:archetype_N
arrangements	arrange:arrange_V ment:ment_s s:+PL
aureola	aureola:aureola_N
badly-off	bad:bad_A ly:ly_s -:~ off:off_B
ballets	ballet:ballet_N s:+PL
bane	bane:bane_N
batiste	batiste:batiste_N
beachwear	beach:beach_N wear:wear_V
bequeath	bequeath:bequeath_V
berthing	berth:berth_N ing:+PCP1
best-looking	best:good_A -:~ looking:looking_V ~:+SUP
bethel	bethel:bethel_N
betrayal	betray:betray_V al:al_s
billies	billi:billy_N es:+PL
bipartite	bi:bi_p part:part_N ite:ite_s
bluster's	bluster:bluster_V 's:+GEN
bookshop's	book:book_N shop:shop_N 's:+GEN
boundaries	bound:bound_V ari:ary_s es:+PL
bountiful	bounti:bounty_N ful:ful_s
bribery	brib:bribe_V ery:ery_s
brushes	brush:brush_N es:+PL, brush:brush_N es:+3SG
brushwood	brush:brush_N wood:wood_N
buckles'	buckle:buckle_N s:+PL ':+GEN
cacao	cacao:cacao_N
cankers	canker:canker_N s:+PL, canker:canker_N s:+3SG
capsicum	capsicum:capsicum_N
caucuses	caucus:caucus_N es:+PL, caucus:caucus_N es:+3SG
cauliflowers	cauliflower:cauliflower_N s:+PL
centenarians	centenari:centenary_N an:an_s s:+PL
centrals	centr:centre_N al:al_s s:+PL
challenged	challeng:challenge_V ed:+PAST
chart's	chart:chart_N 's:+GEN
cheeky	cheek:cheek_N y:y_s
chlorine	chlorine:chlorine_N
choice	choice:choice_N, choice:choice_N
choked	chok:choke_V ed:+PAST
chronic	chronic:chronic_A
classless	class:class_N less:less_s
cliched	clich:cliche_N ed:ed_s
clotheshorse	clothes:clothes_N horse:horse_N
coddle	coddle:coddle_V
coffees	coffee:coffee_N s:+PL
cognac's	cognac:cognac_N 's:+GEN
coinages	coin:coin_N age:age_s s:+PL
combust	combust:combust_V
conclusive	conclus:conclude_V ~:ion_s ive:ive_s
concurs	concur:concur_V s:+3SG
continental's	contin:contain_V ent:ent_s al:al_s 's:+GEN
coreligionists	co:co_p religion:religion_N ist:ist_s s:+PL
coteries	coterie:coterie_N s:+PL
cover	cover:cover_V, cover:cover_V
coxswain's	coxswain:coxswain_N 's:+GEN
cross-country	cross:cross_p -:~ country:country_N
crudities	crud:crude_A iti:ity_s es:+PL
curatorships	curator:curator_N ship:ship_s s:+PL
cusps	cusp:cusp_N s:+PL
dangles	dangle:dangle_V s:+3SG
defections	defect:defect_V ion:ion_s s:+PL
defrosters	de:de_p frost:frost_N er:er_s s:+PL
derogate	derogate:derogate_V
describe	describe:describe_V
diciest	dic:dice_N i:y_s est:+SUP
dictators'	dictat:dictate_V or:or_s s:+PL ':+GEN
disagrees	dis:dis_p agree:agree_V s:+3SG
disciplined	disciplin:discipline_V ed:+PAST
displace	dis:dis_p place:place_N
disregarded	dis:dis_p regard:regard_V ed:+PAST
disservice	dis:dis_p serv:serve_V ice:ice_s
distasteful	dis:dis_p taste:taste_V ful:ful_s, dis:dis_p tasteful:tasteful_A
distilling	distill:distil_V ing:+PCP1
donates	donate:donate_V s:+3SG
double-basses	double:double_A -:~ bass:bass_N es:+PL
dreamier	dream:dream_V i:y_s er:+CMP
duvets	duvet:duvet_N s:+PL
earthiness'	earth:earth_N i:y_s ness:ness_s ':+GEN
ecologist	ec:eco_p olog:ology_s ist:ist_s
elderberries	elder:elder_N berri:berry_N es:+PL
embeds	em:em_p bed:bed_N s:+3SG
entreating	entreat:entreat_V ing:+PCP1
expletive	expletive:expletive_N
explorations	explor:explore_V ation:ation_s s:+PL
extemporaneously	ex:ex_p temporan:temporal_A eous:eous_s ly:ly_s
extensiveness	extens:extend_V ~:ion_s ive:ive_s ness:ness_s
facet's	facet:facet_N 's:+GEN
fame	fame:fame_N
fauna	fauna:fauna_N
fickle	fickle:fickle_A
fin	fin:fin_N
fistula	fistula:fistula_N
flabbergasting	flabbergast:flabbergast_V ing:+PCP1
flat-footed	flat:flat_A -:~ foot:foot_N ed:ed_s
flowchart	flow:flow_V chart:chart_N
folklore	folk:folk_N lore:lore_N
foot-faulting	foot:foot_N -:~ fault:fault_N ing:+PCP1
forbidden	forbidden:forbidden_V, forbidden:forbid_V ~:+PCP2
ford's	ford:ford_N 's:+GEN
foresaw	fore:fore_p saw:see_V ~:+PAST
fortnight	for:four_Q t:teen_s night:night_N
forward	forward:forward_A, forward:forward_B, forward:forward_B, forward:forward_B
forwarded	forward:forward_B ed:+PAST
fountains'	fountain:fountain_N s:+PL ':+GEN
freaking	freak:freak_N ing:+PCP1
fresher	fresh:fresh_A er:+CMP, fresh:fresh_A er:er_s
funds	fund:fund_N s:+PL, fund:fund_N s:+3SG, funds:funds_N
furred	furr:fur_N ed:+PAST
furrier's	furr:fur_N ier:ier_s 's:+GEN
gaiters'	gaiter:gaiter_N s:+PL ':+GEN
gawping	gawp:gawp_V ing:+PCP1
gibbons'	gibbon:gibbon_N s:+PL ':+GEN
gibraltarians	gibraltar:Gibraltar_N ian:ian_s s:+PL
gipsies'	gipsi:gipsy_N es:+PL ':+GEN
gladly	glad:glad_A ly:ly_s
goo	goo:goo_N
graduates'	graduate:graduate_V s:+PL ':+GEN
grocer's	grocer:grocer_N 's:+GEN
guardians	guard:guard_N ian:ian_s s:+PL
gumshoe's	gum:gum_N shoe:shoe_N 's:+GEN
halt's	halt:halt_N 's:+GEN
hammed	hamm:ham_N ed:+PAST
hardest-hearted	hardest:hard_A -:~ heart:heart_N ed:ed_s ~:+SUP
hatcheries	hatch:hatch_V eri:ery_s es:+PL
having	hav:have_V ing:+PCP1
heedlessly	heed:heed_V less:less_s ly:ly_s
holographs	holograph:holograph_N s:+PL
honduras'	honduras:Honduras_N ':+GEN
hotfoot	hot:hot_A foot:foot_N, hot:hot_A foot:foot_N
houses	house:house_N s:+PL, house:house_N s:+3SG
hurricanes'	hurricane:hurricane_N s:+PL ':+GEN
importer	import:import_V er:er_s
imports	import:import_V s:+PL, import:import_V s:+3SG
inanity	inan:inane_A ity:ity_s
industrial	industri:industry_N al:al_s
infamies	infami:infamy_N es:+PL
infelicitous	in:in_p felicit:felicity_N ous:ous_s
influentially	influent:influence_N ial:ial_s ly:ly_s
intensely	in:in_p tense:tense_A ly:ly_s
ironic	iron:irony_N ic:ic_s
isolate	isolate:isolate_V
jazzes	jazz:jazz_N es:+3SG
jesuitical	jesuit:Jesuit_N ical:ical_s
jollities	joll:jolly_A iti:ity_s es:+PL
juveniles	juvenile:juvenile_A s:+PL
kneecaps	knee:knee_N cap:cap_N s:+PL, knee:knee_N cap:cap_N s:+3SG
knitwear's	knit:knit_V wear:wear_V 's:+GEN
launch	launch:launch_N, launch:launch_V, launch:launch_V
launching	launch:launch_V ing:+PCP1
layers'	lay:lay_V er:er_s s:+PL ':+GEN
ledges	ledge:ledge_N s:+PL
left-hander	left:left_A -:~ hand:hand_N er:er_s
livelihoods	live:live_A li:ly_s hood:hood_s s:+PL
living-space	living:living_V -:~ space:space_N
lord	lord:Lord, lord:Lord_N, lord:lord_N, lord:lord_N
lurid	lurid:lurid_A
madeira	madeira:Madeira_N
man-eating	man:man_N -:~ eating:eating_V
mane's	mane:mane_N 's:+GEN
mantises	mantis:mantis_N es:+PL
marshiest	marsh:marsh_N i:y_s est:+SUP
matrix's	matrix:matrix_N 's:+GEN
matter's	matter:matter_N 's:+GEN
measurably	measur:measure_V ab:able_s ly:ly_s
meetings	meeting:meeting_V s:+PL
middle-distance	middle:middle_A -:~ dist:distant_A ance:ance_s
mild's	mild:mild_A 's:+GEN
mirthfully	mirth:mirth_N ful:ful_s ly:ly_s
mizzenmast	mizzen:mizzen_N mast:mast_N
mollycoddles	molly:Molly_N coddle:coddle_V s:+PL, molly:Molly_N coddle:coddle_V s:+3SG
momma's	momma:momma_N 's:+GEN
money-grubber	money:money_N -:~ grubb:grub_V er:er_s
monophonic	mono:mono_p ~:tele_p phon:phone_s ic:ic_s
morale's	morale:morale_N 's:+GEN
motor-coach	motor:motor_A -:~ coach:coach_N
motorize	motor:motor_N ize:ize_s
movers'	mov:move_V er:er_s s:+PL ':+GEN
muscovy	muscovy:Muscovy_N
negations	negat:negate_V ion:ion_s s:+PL
nudists'	nud:nude_A ~:ism_s ist:ist_s s:+PL ':+GEN
numismatists	numismat:numismatic_A ist:ist_s s:+PL
oiler's	oil:oil_N er:er_s 's:+GEN
onetime	one:one_Q time:time_N
orating	orat:orate_V ing:+PCP1
outdistance	out:out_p dist:distant_A ance:ance_s
outflow	out:flow_V flow:out_B
outstays	out:out_p stay:stay_V s:+3SG
ovals	oval:oval_A s:+PL
overflows	over:over_P flow:flow_V s:+PL, over:over_P flow:flow_V s:+3SG
overlapped	over:over_P lapp:lap_V ed:+PAST
own	own:own_O, own:own_O
palate's	palate:palate_N 's:+GEN
password	pass:pass_V word:word_N
past's	past:past_A 's:+GEN
pastorals	pastor:pastor_N al:al_s s:+PL
peri	peri:peri_N
permafrost	perma:permanent_A frost:frost_N
persuadable	persuad:persuade_V able:able_s
persuasively	per:per_p suas:suasion_N ive:ive_s ly:ly_s, persuas:persuade_V ~:ion_s ive:ive_s ly:ly_s
placed	plac:place_N ed:+PAST, placed:placed_V
plectrum	plectrum:plectrum_N
polarize	pol:pole_N ar:ar_s ize:ize_s
pontificating	pontific:pontiff_N at:ate_s ing:+PCP1
poofy	poof:poof_N y:y_s
poorhouses	poor:poor_A house:house_N s:+PL
post-mortem	post-mortem:post-mortem_A
potter	pott:pot_N er:er_s, potter:potter_V, potter:potter_V
precept	precept:precept_N
precipitates	precipitate:precipitate_V s:+PL, precipitate:precipitate_V s:+3SG
predisposition	pre:pre_p dispos:dispose_V ition:ition_s
proconsul	pro:pro_p consul:consul_N
prodded	prodd:prod_V ed:+PAST
professorships	profess:profess_V or:or_s ship:ship_s s:+PL
protestants	protest:protest_V ant:ant_s s:+PL
protractor	protract:protract_V or:or_s
provisos	proviso:proviso_N s:+PL
prunes	prune:prune_N s:+PL, prune:prune_V s:+3SG
pupa	pupa:pupa_N
purred	purr:purr_V ed:+PAST
put-ons	put:put_V -:~ on:on_P s:+PL
putrefy	putrefy:putrefy_V
radioactivity	radio:radio_p act:act_V ~:ion_s iv:ive_s ity:ity_s
rampant	ramp:ramp_about_V ant:ant_s
reappearance	re:re_p appear:appear_V ance:ance_s
redcaps	red:red_A cap:cap_N s:+PL
reducing	reduc:reduce_V ing:+PCP1
refracts	refract:refract_V s:+3SG
regressive	regress:regress_V ~:ion_s ive:ive_s
regulators	regulat:regulate_V or:or_s s:+PL
rein's	rein:rein_N 's:+GEN
rejuvenation	re:re_p juven:juvenile_A at:ate_s ion:ion_s
remunerated	remunerat:remunerate_V ed:+PAST
researchers	re:re_p search:search_V er:er_s s:+PL
reunion's	re:re_p un:unite_V ion:ion_s 's:+GEN, re:re_p union:union_N 's:+GEN
right	right:right_V, right:right_V, right:right_V, right:right_V
rocker's	rock:rock_V er:er_s 's:+GEN
rocks	rock:rock_N s:+PL, rock:rock_V s:+3SG, rocks:rocks_N
rollick	rollick:rollick_V
romantic's	romant:romance_N ic:ic_s 's:+GEN
roundabouts	round:round_A about:about_P s:+PL
roundup	round:round_A up:up_B
rowdies	rowdi:rowdy_A es:+PL
sacristan	sacrist:sacristy_N an:an_s
salt's	salt:salt_N 's:+GEN
sandalwood	sandal:sandal_N wood:wood_N
saxophone	sax:Sax_N o:o_s phone:phone_s
scoreboard's	score:score_Q board:board_N 's:+GEN
scorer's	scor:score_N er:er_s 's:+GEN
scribbling	scribbl:scribble_V ing:+PCP1
sensitive	sensitive:sensitive_A
serpents'	serpent:serpent_N s:+PL ':+GEN
settler's	settl:settle_N er:er_s 's:+GEN
shantytown	shanty:shanty_N town:town_N
shays'	shay:shay_N s:+PL ':+GEN
sheered	sheer:sheer_V ed:+PAST
shenanigans	shenanigan:shenanigan_N s:+PL
shogun's	shogun:shogun_N 's:+GEN
showmanship's	show:show_V man:man_N ship:ship_s 's:+GEN
sicilians	sicili:Sicily_N an:an_s s:+PL
singers	sing:sing_V er:er_s s:+PL
sips	sip:sip_V s:+PL, sip:sip_V s:+3SG
skirl	skirl:skirl_N
smooched	smooch:smooch_V ed:+PAST
snap	snap:snap, snap:snap_V, snap:snap_V, snap:snap_V
snob's	snob:snob_N 's:+GEN
soda-fountain	soda:soda_N -:~ fountain:fountain_N
soft-pedalled	soft:soft_A -:~ pedall:pedal_N ed:+PAST
spasmodic	spasmod:spasm_N ic:ic_s
sped	sped:speed_V ~:+PAST
stagecoach's	stage:stage_N coach:coach_N 's:+GEN
standbys	stand:stand_V by:by_P s:+PL
stirred	stirr:stir_V ed:+PAST
strafed	straf:strafe_V ed:+PAST
streak	streak:streak_V, streak:streak_V
stringing	string:string_N ing:+PCP1
substandard	sub:sub_p standard:standard_A
sucrose	sucrose:sucrose_N
suffuses	suffuse:suffuse_V s:+3SG
supposedly	supposed:supposed_V ly:ly_s
survivors'	surviv:survive_V or:or_s s:+PL ':+GEN
suture's	suture:suture_N 's:+GEN
swedes	swede:Swede_N s:+PL, swede:swede_N s:+PL
symbolically	symbol:symbol_N ic:ic_s ally:ally_s, symbol:symbol_N ical:ical_s ly:ly_s
talking-points	talking:talking_V -:~ point:point_N s:+PL
tape-measure	tape:tape_N -:~ measure:measure_V
tartars'	tartar:tartar_N s:+PL ':+GEN
test-drives	test:test_N -:~ drive:drive_V s:+PL, test:test_N -:~ drive:drive_V s:+3SG
therapies	therapi:therapy_N es:+PL
timbres	timbre:timbre_N s:+PL
toe	toe:toe_N, toe:toe_N
tollgate	toll:toll_V gate:gate_N
toted	tot:tote_V ed:+PAST
totem-poles	totem:totem_N -:~ pole:pole_N s:+PL
townswomen	town:town_N s:s_s women:woman_N ~:+PL
training	train:train_V ing:+PCP1, training:training_V
transient	transient:transient_A, transient:transient_A
treatable	treat:treat_V able:able_s
trespasser	trespass:trespass_V er:er_s
tripartite	tri:tri_p part:part_N ite:ite_s
trivialized	trivial:trivial_A iz:ize_s ed:+PAST
trying	try:try_V ing:+PCP1, trying:trying_V
turning-points	turning:turning_V -:~ point:point_N s:+PL
tusks	tusk:tusk_N s:+PL
tutting	tutt:tut_I ing:+PCP1
twenty-one's	twenty:twenty_Q -:~ one:one_Q 's:+GEN
undertaker's	under:under_P tak:take_V er:er_s 's:+GEN
undone	un:un_p done:done_V, un:un_p done:do_V ~:+PCP2, undone:undone_V
unofficially	un:un_p offic:office_N ial:ial_s ly:ly_s
unprofessionally	un:un_p profess:profess_V ion:ion_s al:al_s ly:ly_s
unseemliness	un:un_p seem:seem_V li:ly_s ness:ness_s
untangling	un:un_p tangl:tangle_V ing:+PCP1
vanquishes	vanquish:vanquish_V es:+3SG
vastly	vast:vast_A ly:ly_s
venezuelans	venezuel:Venezuela_N an:an_s s:+PL
victors'	victor:victor_N s:+PL ':+GEN
vileness	vile:vile_A ness:ness_s
visa	visa:visa_N, visa:visa_N
waken	wak:wake_V en:en_s
warily	wari:wary_A ly:ly_s
warm-hearted	warm:warm_A -:~ heart:heart_N ed:ed_s
wary	wary:wary_A
wearied	weari:weary_A ed:+PAST
wedging	wedg:wedge_N ing:+PCP1
wood's	wood:wood_N 's:+GEN
workbooks	work:work_V book:book_N s:+PL
workmanlike	work:work_V man:man_N like:like_s
world-weary	world:world_N -:~ weary:weary_A
worsened	wors:worse_A en:en_s ed:+PAST
years	year:year_N s:+PL, years:years_N
yeast	yeast:yeast_N
